City_ID,City,Country,Date,Lat,Lng,Max Temp,Humidity,Cloudiness,Wind Speed
0,Vaini,TO,2022-07-20 19:22:50,-21.2,-175.2,73.56,88,40,5.75
1,Mandera,KE,2022-07-20 19:27:46,3.9366,41.867,83.62,39,75,14.94
2,Grand Gaube,MU,2022-07-20 19:27:47,-20.0064,57.6608,72.0,59,96,8.99
3,La Ronge,CA,2022-07-20 19:27:47,55.1001,-105.2842,71.85,40,75,20.71
4,Tairua,NZ,2022-07-20 19:27:47,-37.0167,175.85,50.5,77,3,11.79
5,Ankang,CN,2022-07-20 19:27:48,32.68,109.0172,71.96,82,0,1.45
6,Billings,US,2022-07-20 19:22:59,45.7833,-108.5007,94.66,14,0,20.71
7,Kawalu,ID,2022-07-20 19:27:48,-7.3817,108.2082,71.44,98,87,2.37
8,Yellowknife,CA,2022-07-20 19:24:01,62.456,-114.3525,64.92,55,75,13.8
9,Lata,PT,2022-07-20 19:27:49,40.1629,-8.3327,76.08,51,0,6.02
10,Albany,US,2022-07-20 19:25:43,42.6001,-73.9662,95.45,46,28,2.66
11,Port-Gentil,GA,2022-07-20 19:27:49,-0.7193,8.7815,75.16,83,75,9.22
12,Lalmohan,BD,2022-07-20 19:27:50,22.3384,90.7419,82.6,84,100,8.21
13,Half Moon Bay,US,2022-07-20 19:27:50,37.4636,-122.4286,82.89,71,75,17.27
14,Pacific Grove,US,2022-07-20 19:25:01,36.6177,-121.9166,77.2,86,40,11.5
15,Hobart,AU,2022-07-20 19:24:50,-42.8794,147.3294,34.05,94,1,3.44
16,Ushuaia,AR,2022-07-20 19:27:51,-54.8,-68.3,33.42,93,100,18.41
17,Busselton,AU,2022-07-20 19:27:51,-33.65,115.3333,56.77,95,100,11.68
18,Nikolskoye,RU,2022-07-20 19:27:51,59.7035,30.7861,70.88,57,100,11.52
19,Hilo,US,2022-07-20 19:27:52,19.7297,-155.09,81.28,86,100,6.91
20,Puerto Ayora,EC,2022-07-20 19:27:52,-0.7393,-90.3518,76.96,97,88,5.01
21,Jamestown,US,2022-07-20 19:26:38,42.097,-79.2353,87.71,52,40,17.27
22,Petropavlovsk-Kamchatskiy,RU,2022-07-20 19:27:53,53.0452,158.6483,48.79,100,100,4.47
23,Labuhan,ID,2022-07-20 19:27:53,-6.8844,112.2051,74.89,82,0,10.69
24,Bluff,NZ,2022-07-20 19:27:53,-46.6,168.3333,39.79,64,100,8.01
25,Maniitsoq,GL,2022-07-20 19:27:54,65.4167,-52.9,43.65,98,100,13.56
26,Urumqi,CN,2022-07-20 19:27:54,43.801,87.6005,70.75,35,0,11.18
27,Ahuimanu,US,2022-07-20 19:26:46,21.4447,-157.8378,80.31,71,20,16.11
28,Saldanha,ZA,2022-07-20 19:27:54,-33.0117,17.9442,46.45,61,0,13.24
29,Hammerfest,NO,2022-07-20 19:27:55,70.6634,23.6821,63.05,67,0,8.05
30,Fortuna,US,2022-07-20 19:27:55,40.5982,-124.1573,68.94,75,36,3.0
31,Te Anau,NZ,2022-07-20 19:27:55,-45.4167,167.7167,37.26,95,93,3.65
32,Hermanus,ZA,2022-07-20 19:27:56,-34.4187,19.2345,42.8,69,2,3.96
33,Luderitz,NA,2022-07-20 19:27:56,-26.6481,15.1594,57.97,58,2,19.53
34,Godo,JP,2022-07-20 19:27:56,35.4167,136.6,78.98,94,61,3.71
35,Broome,US,2022-07-20 19:27:57,42.2506,-75.833,95.02,50,0,8.01
36,Norman Wells,CA,2022-07-20 19:27:57,65.282,-126.8329,71.64,37,75,2.3
37,Omboue,GA,2022-07-20 19:27:58,-1.5746,9.2618,72.21,89,78,8.43
38,Punta Arenas,CL,2022-07-20 19:27:58,-53.15,-70.9167,35.71,75,75,24.16
39,East London,ZA,2022-07-20 19:23:59,-33.0153,27.9116,62.51,81,87,5.95
40,Kapaa,US,2022-07-20 19:27:59,22.0752,-159.319,82.38,79,20,12.66
41,Severo-Kurilsk,RU,2022-07-20 19:27:59,50.6789,156.125,51.48,98,100,12.82
42,Avarua,CK,2022-07-20 19:28:00,-21.2078,-159.775,73.45,68,75,12.66
43,Talnakh,RU,2022-07-20 19:28:00,69.4865,88.3972,52.21,71,100,2.8
44,Vila Velha,BR,2022-07-20 19:28:01,-20.3297,-40.2925,76.95,76,0,11.5
45,Vestmannaeyjar,IS,2022-07-20 19:28:01,63.4427,-20.2734,54.59,87,20,16.11
46,Mataura,NZ,2022-07-20 19:28:03,-46.1927,168.8643,39.47,92,100,1.7
47,Cabo San Lucas,MX,2022-07-20 19:27:32,22.8909,-109.9124,95.61,46,20,11.5
48,Qasigiannguit,GL,2022-07-20 19:28:04,68.8193,-51.1922,61.05,61,100,2.04
49,Plettenberg Bay,ZA,2022-07-20 19:28:04,-34.0527,23.3716,54.9,85,77,1.86
50,Constitucion,CL,2022-07-20 19:28:04,-35.3333,-72.4167,58.73,71,5,7.2
51,Arraial Do Cabo,BR,2022-07-20 19:28:05,-22.9661,-42.0278,75.16,83,75,10.36
52,Mar Del Plata,AR,2022-07-20 19:25:50,-38.0023,-57.5575,64.94,53,0,17.27
53,Chokurdakh,RU,2022-07-20 19:28:05,70.6333,147.9167,41.13,77,76,8.55
54,Kyra,RU,2022-07-20 19:28:06,49.5776,111.9753,54.0,94,5,4.29
55,Saint-Pierre,RE,2022-07-20 19:28:06,-21.3393,55.4781,69.48,55,0,10.36
56,Belmonte,BR,2022-07-20 19:28:06,-15.8631,-38.8828,76.32,67,6,10.6
57,Touros,BR,2022-07-20 19:25:09,-5.1989,-35.4608,79.38,72,100,14.5
58,Castro,BR,2022-07-20 19:28:07,-24.7911,-50.0119,70.36,63,1,4.43
59,Qaanaaq,GL,2022-07-20 19:28:07,77.484,-69.3632,41.18,80,100,4.9
60,Longyearbyen,SJ,2022-07-20 19:28:08,78.2186,15.6401,49.84,87,75,10.36
61,Northam,GB,2022-07-20 19:28:08,51.0333,-4.2167,63.61,77,33,15.43
62,Mahebourg,MU,2022-07-20 19:28:09,-20.4081,57.7,71.89,60,40,18.41
63,Esperance,AU,2022-07-20 19:28:09,-33.8667,121.9,61.56,52,100,19.13
64,Kaitangata,NZ,2022-07-20 19:25:19,-46.2817,169.8464,41.11,82,100,5.77
65,Barrow,US,2022-07-20 19:28:09,71.2906,-156.7887,51.82,62,0,4.61
66,Porto Velho,BR,2022-07-20 19:28:10,-8.7619,-63.9039,95.05,26,40,5.75
67,Opuwo,NA,2022-07-20 19:28:10,-18.0607,13.84,63.66,28,0,6.98
68,Joshimath,IN,2022-07-20 19:28:11,30.5667,79.5667,71.78,92,100,0.94
69,Ponta Do Sol,PT,2022-07-20 19:28:11,32.6667,-17.1,76.71,77,2,4.74
70,Launceston,AU,2022-07-20 19:24:48,-41.45,147.1667,41.34,93,100,2.3
71,Port Alfred,ZA,2022-07-20 19:28:12,-33.5906,26.891,56.17,96,100,1.99
72,Porto,PT,2022-07-20 19:25:02,41.1496,-8.611,83.28,65,0,6.91
73,Sayyan,YE,2022-07-20 19:28:12,15.1718,44.3244,60.96,67,100,5.84
74,Taltal,CL,2022-07-20 19:28:13,-25.4,-70.4833,59.38,81,100,3.04
75,Dikson,RU,2022-07-20 19:28:13,73.5069,80.5464,43.27,69,11,22.37
76,Laguna,US,2022-07-20 19:28:14,38.421,-121.4238,98.17,33,0,6.91
77,Atasu,KZ,2022-07-20 19:28:14,48.6814,71.6433,80.55,38,88,5.3
78,Vila Franca Do Campo,PT,2022-07-20 19:28:15,37.7167,-25.4333,72.01,73,68,1.72
79,Pisco,PE,2022-07-20 19:28:15,-13.7,-76.2167,60.85,88,100,5.75
80,Rikitea,PF,2022-07-20 19:28:15,-23.1203,-134.9692,73.18,75,0,1.19
81,Amapa,BR,2022-07-20 19:28:16,1.0,-52.0,81.18,84,91,4.05
82,Santiago De Cao,PE,2022-07-20 19:28:16,-7.9589,-79.2392,66.33,68,0,11.5
83,Lavrentiya,RU,2022-07-20 19:25:26,65.5833,-171.0,39.9,95,100,14.81
84,Tasiilaq,GL,2022-07-20 19:28:17,65.6145,-37.6368,42.96,80,30,1.74
85,Hofn,IS,2022-07-20 19:28:17,64.2539,-15.2082,52.74,73,100,8.5
86,Halifax,CA,2022-07-20 19:23:56,44.6453,-63.5724,82.89,41,20,18.41
87,Cayenne,GF,2022-07-20 19:26:23,4.9333,-52.3333,86.04,1,0,11.5
88,Candelaria,PH,2022-07-20 19:28:17,13.9311,121.4233,77.4,95,100,3.6
89,Butaritari,KI,2022-07-20 19:28:18,3.0707,172.7902,81.25,78,63,10.42
90,Saint-Leu,RE,2022-07-20 19:28:18,-21.15,55.2833,68.86,67,62,4.47
91,Flinders,AU,2022-07-20 19:28:19,-34.5833,150.8552,51.19,93,100,4.0
92,Bukama,CD,2022-07-20 19:28:19,-9.2,25.85,81.73,34,88,3.4
93,Hithadhoo,MV,2022-07-20 19:28:19,-0.6,73.0833,80.82,69,100,1.66
94,Faanui,PF,2022-07-20 19:28:20,-16.4833,-151.75,77.56,66,0,9.64
95,Camacha,PT,2022-07-20 19:28:22,33.0833,-16.3333,69.22,73,40,11.5
96,Srednekolymsk,RU,2022-07-20 19:28:23,67.45,153.6833,45.77,74,100,6.76
97,Sulangan,PH,2022-07-20 19:28:23,11.1373,123.7228,83.57,75,87,4.45
98,Dubna,RU,2022-07-20 19:28:23,56.7333,37.1667,54.68,97,100,6.17
99,Vangaindrano,MG,2022-07-20 19:28:24,-23.35,47.6,65.57,90,75,5.7
100,Puerto Leguizamo,CO,2022-07-20 19:28:24,-0.1934,-74.7819,72.55,96,100,3.09
101,Alice Springs,AU,2022-07-20 19:28:25,-23.7,133.8833,35.15,69,0,0.0
102,Tuktoyaktuk,CA,2022-07-20 19:24:10,69.4541,-133.0374,55.4,82,100,12.66
103,Provideniya,RU,2022-07-20 19:28:25,64.3833,-173.3,42.57,77,99,17.36
104,Gondanglegi,ID,2022-07-20 19:28:25,-7.7479,112.0132,72.48,87,0,11.61
105,Kentau,KZ,2022-07-20 19:28:26,43.5206,68.5094,85.14,17,0,7.16
106,Jinka,ET,2022-07-20 19:28:26,5.65,36.65,67.57,60,99,1.88
107,Coquimbo,CL,2022-07-20 19:28:26,-29.9533,-71.3436,53.33,93,100,3.44
108,Turukhansk,RU,2022-07-20 19:28:27,65.8167,87.9833,51.17,94,100,8.19
109,Bredasdorp,ZA,2022-07-20 19:24:03,-34.5322,20.0403,47.19,86,2,4.38
110,Mugla,TR,2022-07-20 19:28:28,37.2303,28.3557,72.55,38,0,8.48
111,Tanggul,ID,2022-07-20 19:28:28,-8.1645,113.4525,71.15,94,30,0.27
112,Saint-Philippe,RE,2022-07-20 19:28:29,-21.3585,55.7679,69.39,75,38,15.37
113,Katsuura,JP,2022-07-20 19:25:23,35.1333,140.3,77.25,80,78,7.49
114,Caraquet,CA,2022-07-20 19:28:29,47.7941,-64.9386,75.74,52,22,17.31
115,Sao Filipe,CV,2022-07-20 19:28:29,14.8961,-24.4956,76.53,88,88,3.36
116,Belaya Gora,RU,2022-07-20 19:28:30,68.5333,146.4167,44.15,78,6,0.25
117,Cherskiy,RU,2022-07-20 19:28:30,68.75,161.3,38.55,79,47,12.37
118,Yulara,AU,2022-07-20 19:28:31,-25.2406,130.9889,46.69,48,5,11.05
119,Svetlyy,RU,2022-07-20 19:28:31,54.675,20.1347,66.25,70,8,5.61
120,Assiniboia,CA,2022-07-20 19:28:31,49.6334,-105.9845,72.36,37,0,15.9
121,Eydhafushi,MV,2022-07-20 19:28:32,5.1033,73.0708,80.74,76,100,16.49
122,Bereda,ES,2022-07-20 19:28:32,43.2686,-7.5406,65.41,94,17,7.52
123,Maralal,KE,2022-07-20 19:28:32,1.0968,36.698,59.7,69,84,6.11
124,Cabedelo,BR,2022-07-20 19:28:33,-6.9811,-34.8339,77.67,81,36,12.71
125,Barmer,IN,2022-07-20 19:28:33,25.75,71.3833,84.65,76,58,20.13
126,Guerrero Negro,MX,2022-07-20 19:28:33,27.9769,-114.0611,82.36,47,27,12.12
127,Dalvik,IS,2022-07-20 19:28:34,65.9702,-18.5286,48.13,90,100,5.86
128,Atar,MR,2022-07-20 19:27:58,20.5169,-13.0499,106.56,7,59,6.93
129,Saint-Joseph,RE,2022-07-20 19:28:34,-21.3667,55.6167,68.38,71,25,15.19
130,Lososina,RU,2022-07-20 19:28:35,48.9975,140.3106,58.68,96,100,2.89
131,Khatanga,RU,2022-07-20 19:28:35,71.9667,102.5,46.54,62,100,21.65
132,Margate,GB,2022-07-20 19:28:36,51.3813,1.3862,74.88,68,20,4.0
133,Ihosy,MG,2022-07-20 19:28:36,-22.4,46.1167,57.02,96,44,6.44
134,Minas,UY,2022-07-20 19:28:36,-34.3759,-55.2377,63.12,76,3,12.37
135,Geraldton,AU,2022-07-20 19:28:37,-28.7667,114.6,66.61,94,75,14.97
136,Demidov,RU,2022-07-20 19:28:37,55.2706,31.515,60.4,63,100,10.31
137,Xiamen,CN,2022-07-20 19:28:38,24.4798,118.0819,83.25,89,0,4.47
138,Erdenet,MN,2022-07-20 19:28:38,49.0333,104.0833,52.36,85,100,3.02
139,Anadyr,RU,2022-07-20 19:28:38,64.75,177.4833,41.5,80,40,6.71
140,Bogatoye,RU,2022-07-20 19:28:39,53.0601,51.3325,63.36,64,78,6.46
141,Tieling,CN,2022-07-20 19:28:41,42.2931,123.8414,68.38,90,100,4.0
142,Thompson,CA,2022-07-20 19:28:41,55.7435,-97.8558,71.76,60,40,12.66
143,Toora-Khem,RU,2022-07-20 19:28:42,52.4675,96.11,46.44,84,6,0.76
144,Neiafu,TO,2022-07-20 19:28:43,-18.65,-173.9833,77.68,73,40,10.36
145,San Patricio,US,2022-07-20 19:28:43,28.017,-97.5169,95.72,43,0,20.09
146,Kutum,SD,2022-07-20 19:28:44,14.2,24.6667,77.92,55,99,8.05
147,Nyurba,RU,2022-07-20 19:28:44,63.2842,118.3319,55.89,97,100,4.18
148,Niquero,CU,2022-07-20 19:28:45,20.0431,-77.5828,84.65,68,99,2.44
149,Champerico,GT,2022-07-20 19:28:45,14.3,-91.9167,93.74,73,100,7.43
150,Bilma,NE,2022-07-20 19:28:46,18.6853,12.9164,97.52,13,92,7.2
151,Comodoro Rivadavia,AR,2022-07-20 19:28:46,-45.8667,-67.5,48.06,31,0,29.93
152,Cheyenne,US,2022-07-20 19:28:28,41.14,-104.8203,91.54,14,0,13.8
153,Cockburn Town,TC,2022-07-20 19:25:08,21.4612,-71.1419,82.13,77,0,19.62
154,Bilaspur,IN,2022-07-20 19:28:47,22.0833,82.15,78.78,85,100,7.11
155,New Norfolk,AU,2022-07-20 19:28:47,-42.7826,147.0587,33.71,89,6,2.35
156,Jalu,LY,2022-07-20 19:28:47,29.0331,21.5482,84.09,32,0,14.32
157,Kandrian,PG,2022-07-20 19:28:48,-6.2167,149.55,75.94,92,100,4.52
158,Gat,IL,2022-07-20 19:24:05,31.61,34.7642,81.81,100,0,6.35
159,Aklavik,CA,2022-07-20 19:28:48,68.2191,-135.0107,62.6,67,75,2.3
160,Saint-Georges,GD,2022-07-20 19:28:49,12.0564,-61.7485,83.88,79,20,12.66
161,Evensk,RU,2022-07-20 19:28:49,61.95,159.2333,57.72,77,10,5.08
162,Presidencia Roque Saenz Pena,AR,2022-07-20 19:28:50,-26.7852,-60.4388,86.85,40,39,12.12
163,Bethel,US,2022-07-20 19:28:50,41.3712,-73.414,98.02,49,40,6.91
164,Carnarvon,AU,2022-07-20 19:28:50,-24.8667,113.6333,70.81,77,0,16.53
165,Poum,NC,2022-07-20 19:27:58,-20.2333,164.0167,75.43,86,100,7.94
166,Pevek,RU,2022-07-20 19:28:51,69.7008,170.3133,31.26,94,98,13.4
167,Mabopane,ZA,2022-07-20 19:28:51,-25.4977,28.1007,58.66,52,96,5.23
168,Namtsy,RU,2022-07-20 19:28:52,62.7161,129.6658,66.72,89,100,5.01
169,Kaabong,UG,2022-07-20 19:28:52,3.4836,34.1492,66.15,70,80,7.81
170,Chuy,UY,2022-07-20 19:28:53,-33.6971,-53.4616,60.62,83,0,8.9
171,Boca Do Acre,BR,2022-07-20 19:28:53,-8.7522,-67.3978,95.2,27,2,2.42
172,Nuuk,GL,2022-07-20 19:28:53,64.1835,-51.7216,48.81,93,100,23.02
173,Kruisfontein,ZA,2022-07-20 19:28:54,-34.0033,24.7314,54.88,92,92,3.15
174,Souillac,MU,2022-07-20 19:28:54,-20.5167,57.5167,71.98,60,40,18.41
175,Hervey Bay,AU,2022-07-20 19:28:54,-25.2986,152.8535,63.72,70,100,23.06
176,Port Elizabeth,ZA,2022-07-20 19:28:55,-33.918,25.5701,57.09,95,100,3.44
177,Saskylakh,RU,2022-07-20 19:28:55,71.9167,114.0833,37.27,90,68,12.39
178,Leningradskiy,RU,2022-07-20 19:28:55,69.3833,178.4167,32.92,97,100,17.87
179,Atuona,PF,2022-07-20 19:28:56,-9.8,-139.0333,77.65,74,7,15.64
180,Borovoy,RU,2022-07-20 19:28:56,55.4333,86.0833,60.08,88,40,6.71
181,Saint George,US,2022-07-20 19:28:01,37.1041,-113.5841,107.44,17,0,6.91
182,Cape Town,ZA,2022-07-20 19:26:14,-33.9258,18.4232,53.11,62,0,6.91
183,Tarko-Sale,RU,2022-07-20 19:28:57,64.9225,77.785,55.87,61,100,12.66
184,Wismar,DE,2022-07-20 19:28:57,53.9,11.4667,88.2,37,96,5.39
185,Erenhot,CN,2022-07-20 19:28:57,43.6475,111.9767,77.27,34,91,13.24
186,Itaituba,BR,2022-07-20 19:28:58,-4.2761,-55.9836,91.56,58,40,8.05
187,Khandyga,RU,2022-07-20 19:28:58,62.6667,135.6,64.9,83,0,1.77
188,Kununurra,AU,2022-07-20 19:29:01,-15.7667,128.7333,60.78,77,86,3.44
189,Gornopravdinsk,RU,2022-07-20 19:29:01,60.05,69.9,61.97,77,99,4.16
190,Padang,ID,2022-07-20 19:29:02,-0.9492,100.3543,76.28,86,48,3.85
191,Lorengau,PG,2022-07-20 19:29:02,-2.0226,147.2712,79.34,80,95,3.71
192,Panama City,PA,2022-07-20 19:24:51,8.9936,-79.5197,89.44,77,40,10.36
193,Biak,ID,2022-07-20 19:29:03,-0.9131,122.8766,75.36,84,73,3.42
194,Fare,PF,2022-07-20 19:29:03,-16.7,-151.0167,77.45,67,0,8.95
195,Sayan,PE,2022-07-20 19:29:04,-11.1361,-77.1933,75.76,42,47,9.08
196,Lisala,CD,2022-07-20 19:29:04,2.15,21.5167,70.57,97,91,1.9
197,Nanortalik,GL,2022-07-20 19:26:45,60.1432,-45.2371,52.63,79,19,13.96
198,Dakar,SN,2022-07-20 19:29:05,14.6937,-17.4441,81.48,82,100,10.67
199,Grindavik,IS,2022-07-20 19:29:06,63.8424,-22.4338,53.55,82,75,18.41
200,Lewisburg,US,2022-07-20 19:29:06,35.4492,-86.7889,97.45,67,20,6.91
201,Fairbanks,US,2022-07-20 19:24:35,64.8378,-147.7164,60.76,73,75,5.75
202,Ambunti,PG,2022-07-20 19:29:07,-4.2365,142.8448,72.23,100,100,1.52
203,Qandala,SO,2022-07-20 19:29:07,11.472,49.8728,86.83,57,73,8.39
204,Pochutla,MX,2022-07-20 19:29:08,15.7432,-96.4661,91.81,55,100,7.36
205,Novikovo,RU,2022-07-20 19:29:08,51.1537,37.8879,58.42,92,100,10.36
206,Upernavik,GL,2022-07-20 19:29:08,72.7868,-56.1549,48.47,69,46,9.26
207,Torbay,CA,2022-07-20 19:29:09,47.6666,-52.7314,71.58,76,75,19.57
208,Ilulissat,GL,2022-07-20 19:29:09,69.2167,-51.1,60.82,39,75,14.97
209,Adrar,MR,2022-07-20 19:29:10,20.5022,-10.0711,100.89,14,7,10.74
210,Capela,BR,2022-07-20 19:29:10,-10.5033,-37.0528,72.48,91,92,9.89
211,Voi,KE,2022-07-20 19:29:11,-3.3945,38.563,66.78,75,31,9.66
212,Almaznyy,RU,2022-07-20 19:29:11,48.0448,40.045,67.57,48,36,4.9
213,Ust-Koksa,RU,2022-07-20 19:29:12,50.2696,85.6108,49.03,75,100,1.9
214,Isangel,VU,2022-07-20 19:29:12,-19.55,169.2667,75.7,90,97,9.1
215,Upington,ZA,2022-07-20 19:26:56,-28.4478,21.2561,55.78,54,0,3.44
216,Alofi,NU,2022-07-20 19:29:13,-19.0595,-169.9187,73.29,83,1,8.05
217,Boa Vista,BR,2022-07-20 19:24:20,2.8197,-60.6733,85.98,58,75,3.44
218,Tautira,PF,2022-07-20 19:29:13,-17.7333,-149.15,75.67,75,0,10.49
219,Kishi,NG,2022-07-20 19:29:14,9.0833,3.85,76.08,70,99,5.26
220,San Quintin,MX,2022-07-20 19:29:14,30.4833,-115.95,76.73,59,89,11.14
221,Ploemeur,FR,2022-07-20 19:29:14,47.7333,-3.4333,71.69,65,40,7.0
222,Asau,RO,2022-07-20 19:29:15,46.4333,26.4,70.72,59,7,5.82
223,Sangar,RU,2022-07-20 19:29:15,63.9242,127.4739,62.22,91,100,3.83
224,Mitu,CO,2022-07-20 19:29:16,1.1983,-70.1733,75.02,97,100,2.48
225,Belyy Yar,RU,2022-07-20 19:29:16,53.6039,91.3903,57.09,87,0,2.24
226,Pop,UZ,2022-07-20 19:29:17,40.8736,71.1089,81.09,17,0,1.95
227,Codrington,AU,2022-07-20 19:29:17,-38.2667,141.9667,38.57,84,0,8.5
228,San Antonio,US,2022-07-20 19:26:19,29.4241,-98.4936,104.5,41,0,9.22
229,Delta Del Tigre,UY,2022-07-20 19:29:18,-34.7633,-56.3853,66.31,59,0,12.66
230,Cabinda,AO,2022-07-20 19:29:18,-5.55,12.2,73.54,83,75,8.05
231,Dhari,IN,2022-07-20 19:29:21,21.3333,71.0167,76.98,90,99,11.97
232,Kabanjahe,ID,2022-07-20 19:29:21,3.1001,98.4908,61.02,95,100,3.8
233,Havoysund,NO,2022-07-20 19:29:22,70.9963,24.6622,52.03,84,80,9.75
234,Vagamo,NO,2022-07-20 19:29:22,61.8751,9.0967,69.53,72,100,6.17
235,Yar-Sale,RU,2022-07-20 19:29:22,66.8333,70.8333,52.45,73,1,11.68
236,Ancud,CL,2022-07-20 19:28:08,-41.8697,-73.8203,41.23,64,84,15.39
237,Zernograd,RU,2022-07-20 19:29:23,46.8452,40.3083,72.43,50,0,7.78
238,Oranzherei,RU,2022-07-20 19:29:23,45.8476,47.5663,66.92,84,100,4.43
239,Filingue,NE,2022-07-20 19:29:24,14.3521,3.3168,92.91,39,61,3.67
240,Mnogovershinnyy,RU,2022-07-20 19:29:24,53.9353,139.9242,51.75,93,94,3.98
241,Sosnovo-Ozerskoye,RU,2022-07-20 19:29:24,52.5249,111.5418,49.44,96,1,6.64
242,Vanimo,PG,2022-07-20 19:29:25,-2.6741,141.3028,75.25,89,100,5.44
243,Fort Dodge,US,2022-07-20 19:29:25,42.4975,-94.168,85.82,45,0,16.11
244,Byron Bay,AU,2022-07-20 19:24:25,-28.65,153.6167,56.95,72,100,15.5
245,Nanchong,CN,2022-07-20 19:29:26,30.7951,106.0847,76.96,86,93,2.28
246,Bambous Virieux,MU,2022-07-20 19:29:26,-20.3428,57.7575,71.85,60,40,18.41
247,Conakry,GN,2022-07-20 19:29:26,9.538,-13.6773,77.07,94,75,11.5
248,Melukote,IN,2022-07-20 19:29:27,12.6589,76.6506,69.31,86,98,11.12
249,Bac Lieu,VN,2022-07-20 19:29:27,9.285,105.7244,78.96,88,100,11.3
250,Yenagoa,NG,2022-07-20 19:29:28,4.9247,6.2642,75.18,79,96,6.78
251,Marsaxlokk,MT,2022-07-20 19:29:28,35.8419,14.5431,83.08,69,0,2.3
252,Kamiiso,JP,2022-07-20 19:29:28,41.8167,140.65,67.66,95,94,2.64
253,Rio Grande,BR,2022-07-20 19:29:29,-32.035,-52.0986,71.71,85,0,11.34
254,Baruun-Urt,MN,2022-07-20 19:29:29,46.6806,113.2792,67.5,55,36,8.08
255,Yerbogachen,RU,2022-07-20 19:29:30,61.2767,108.0108,53.08,95,100,3.69
256,Victoria,HK,2022-07-20 19:29:30,22.2855,114.1577,86.38,85,19,5.01
257,Nyaunglebin,MM,2022-07-20 19:29:31,17.95,96.7333,77.88,94,100,5.01
258,Malartic,CA,2022-07-20 19:29:31,48.1335,-78.1328,80.71,85,100,9.93
259,Iqaluit,CA,2022-07-20 19:29:18,63.7506,-68.5145,47.93,87,75,4.61
260,Concepcion Del Oro,MX,2022-07-20 19:29:32,24.6333,-101.4167,82.42,24,11,4.52
261,Sao Joao Da Barra,BR,2022-07-20 19:29:32,-21.6403,-41.0511,77.09,74,34,13.15
262,Qui Nhon,VN,2022-07-20 19:29:32,13.7667,109.2333,78.08,85,100,6.76
263,Dudinka,RU,2022-07-20 19:29:33,69.4058,86.1778,52.63,81,99,8.14
264,Rocha,UY,2022-07-20 19:29:33,-34.4833,-54.3333,61.77,74,0,10.87
265,Asasa,ET,2022-07-20 19:29:34,7.1,39.2,55.4,93,100,4.74
266,Det Udom,TH,2022-07-20 19:29:34,14.906,105.0784,76.82,94,100,9.46
267,Tuatapere,NZ,2022-07-20 19:29:34,-46.1333,167.6833,42.31,84,100,2.39
268,Lazaro Cardenas,MX,2022-07-20 19:29:35,17.9583,-102.2,88.54,64,8,8.12
269,Skala,PL,2022-07-20 19:29:35,50.2305,19.8536,78.46,49,0,3.44
270,Russkiy Kameshkir,RU,2022-07-20 19:29:36,52.8589,46.0892,62.71,68,100,6.22
271,Makaha,US,2022-07-20 19:29:36,21.4694,-158.2175,80.51,66,7,12.46
272,Hobyo,SO,2022-07-20 19:29:36,5.3505,48.5268,75.72,81,15,26.15
273,Taoudenni,ML,2022-07-20 19:29:37,22.6783,-3.9836,99.3,24,86,25.19
274,Panuco,MX,2022-07-20 19:29:37,22.05,-98.1667,91.58,38,59,11.05
275,Ambilobe,MG,2022-07-20 19:29:39,-13.2,49.05,70.05,65,8,10.2
276,Pauini,BR,2022-07-20 19:29:40,-7.7136,-66.9764,94.98,28,3,2.46
277,Sitka,US,2022-07-20 19:29:40,57.0531,-135.33,53.49,82,100,11.5
278,Husavik,IS,2022-07-20 19:29:41,66.0449,-17.3389,46.18,87,100,7.56
279,Soyo,AO,2022-07-20 19:29:41,-6.1349,12.3689,71.69,84,96,10.09
280,Tevaitoa,PF,2022-07-20 19:29:41,-16.7833,-151.5,77.59,67,0,10.22
281,Vardo,NO,2022-07-20 19:27:56,70.3705,31.1107,53.58,94,100,0.0
282,Aalter,BE,2022-07-20 19:29:42,51.0902,3.4469,68.11,83,100,3.53
283,Gazojak,TM,2022-07-20 19:29:42,41.1875,61.4036,93.49,16,0,11.12
284,Buraydah,SA,2022-07-20 19:29:43,26.326,43.975,97.25,9,4,10.27
285,Praya,CV,2022-07-20 19:29:43,14.9215,-23.5087,79.34,83,75,8.05
286,Aktau,KZ,2022-07-20 19:29:44,43.65,51.2,81.18,52,100,22.95
287,Airai,TL,2022-07-20 19:25:16,-8.9266,125.4092,56.86,94,82,3.31
288,Ninh Binh,VN,2022-07-20 19:26:46,20.2539,105.975,78.51,92,100,3.2
289,Bonito,BR,2022-07-20 19:29:45,-21.1211,-56.4819,91.2,17,47,8.12
290,Winneba,GH,2022-07-20 19:29:45,5.3511,-0.6231,73.06,78,0,10.6
291,Grafton,US,2022-07-20 19:29:45,42.207,-71.6856,95.99,48,0,4.61
292,Bara,NG,2022-07-20 19:29:46,10.3744,10.7288,72.01,91,100,2.71
293,Oranjemund,NA,2022-07-20 19:29:46,-28.55,16.4333,53.91,80,18,20.8
294,Paita,PE,2022-07-20 19:29:46,-5.0892,-81.1144,69.71,68,46,15.12
295,Otautau,NZ,2022-07-20 19:29:47,-46.15,168.0,39.43,88,100,1.57
296,Nijar,ES,2022-07-20 19:29:48,36.9665,-2.206,78.44,78,20,8.05
297,Avenal,US,2022-07-20 19:29:48,36.0041,-120.129,96.55,13,3,1.72
298,Rosa Zarate,EC,2022-07-20 19:29:48,0.3333,-79.4667,84.42,63,92,4.56
299,Bathsheba,BB,2022-07-20 19:29:49,13.2167,-59.5167,88.41,89,75,14.97
300,Solnechnyy,RU,2022-07-20 19:29:49,50.7214,136.6319,58.68,94,100,5.06
301,Le Port,RE,2022-07-20 19:29:50,-20.9373,55.2919,69.8,68,24,12.44
302,Tripoli,LY,2022-07-20 19:29:50,32.8752,13.1875,81.75,67,0,14.03
303,Bud,US,2022-07-20 19:29:51,39.447,-86.1758,93.18,69,0,15.43
304,Georgetown,MY,2022-07-20 19:28:52,5.4112,100.3354,81.9,89,20,0.0
305,El Alto,PE,2022-07-20 19:29:51,-4.2714,-81.2147,69.46,66,26,17.98
306,Pareora,NZ,2022-07-20 19:29:52,-44.4871,171.2132,40.17,88,99,16.98
307,Daru,PG,2022-07-20 19:29:52,-9.0763,143.2092,75.85,93,100,11.59
308,Lagoa,PT,2022-07-20 19:29:52,39.05,-27.9833,72.3,76,6,5.3
309,Kaina,NG,2022-07-20 19:29:53,12.6374,8.5873,73.4,82,100,15.19
310,Imeni Poliny Osipenko,RU,2022-07-20 19:29:53,52.4201,136.4853,55.11,97,100,8.55
311,Monteagudo,BO,2022-07-20 19:29:54,-19.8167,-63.9833,85.75,30,62,7.0
312,Lakatoro,VU,2022-07-20 19:29:54,-16.0999,167.4164,79.03,84,40,12.64
313,Whitehorse,CA,2022-07-20 19:29:54,60.7161,-135.0538,55.09,63,100,10.36
314,Rabo De Peixe,PT,2022-07-20 19:29:55,37.8,-25.5833,71.11,83,75,4.61
315,Vrangel,RU,2022-07-20 19:29:55,42.7297,133.0839,62.82,94,100,6.85
316,Canguaretama,BR,2022-07-20 19:29:56,-6.38,-35.1289,77.99,79,99,12.08
317,Rudbar,AF,2022-07-20 19:29:58,30.15,62.6,95.02,12,5,7.96
318,Hasaki,JP,2022-07-20 19:29:59,35.7333,140.8333,75.6,83,100,8.14
319,Mayumba,GA,2022-07-20 19:29:59,-3.432,10.6554,70.65,92,87,6.62
320,Tiksi,RU,2022-07-20 19:29:59,71.6872,128.8694,36.61,94,99,14.36
321,Bayshore Gardens,US,2022-07-20 19:30:00,27.4253,-82.5904,94.23,60,0,10.36
322,Vanino,RU,2022-07-20 19:30:00,49.0869,140.2543,58.28,96,100,2.19
323,Rundu,NA,2022-07-20 19:30:00,-17.9333,19.7667,57.92,32,5,4.99
324,Taksimo,RU,2022-07-20 19:30:01,56.3444,114.8794,63.19,92,100,4.16
325,Batagay-Alyta,RU,2022-07-20 19:30:01,67.8006,130.4114,39.29,84,100,0.56
326,Chicla,PE,2022-07-20 19:30:02,-11.705,-76.2686,53.94,24,51,10.02
327,Basqal,AZ,2022-07-20 19:30:03,40.7552,48.391,67.75,54,0,4.21
328,Sawtell,AU,2022-07-20 19:30:03,-30.3833,153.1,53.19,100,75,5.75
329,Beloha,MG,2022-07-20 19:30:04,-25.1667,45.05,64.53,64,0,7.83
330,Bairiki,KI,2022-07-20 19:30:04,1.3292,172.9752,80.85,80,29,12.41
331,Axim,GH,2022-07-20 19:30:05,4.8699,-2.2405,74.16,68,62,6.69
332,Sistranda,NO,2022-07-20 19:30:05,63.7256,8.834,58.96,97,100,3.22
333,Zhigansk,RU,2022-07-20 19:30:06,66.7697,123.3711,48.74,69,99,15.88
334,Leticia,CO,2022-07-20 19:30:06,-4.2153,-69.9406,87.85,89,75,6.91
335,Saint-Francois,FR,2022-07-20 19:30:07,46.4154,3.9054,72.84,60,0,11.5
336,Acapulco,MX,2022-07-20 19:28:25,16.8634,-99.8901,87.62,70,75,9.22
337,Tonantins,BR,2022-07-20 19:30:08,-2.8731,-67.8022,79.03,93,89,0.98
338,Fuerte Olimpo,PY,2022-07-20 19:30:08,-21.0415,-57.8738,94.28,16,6,9.4
339,San Jose,US,2022-07-20 19:30:09,37.3394,-121.895,88.92,48,0,5.75
340,Depalpur,IN,2022-07-20 19:30:10,22.85,75.55,74.64,94,99,12.75
341,Yeppoon,AU,2022-07-20 19:30:10,-23.1333,150.7333,60.58,93,100,19.17
342,Kenmare,IE,2022-07-20 19:30:11,51.8833,-9.5833,60.08,77,41,4.65
343,Kodiak,US,2022-07-20 19:26:40,57.79,-152.4072,54.91,76,100,4.61
344,Lagos,NG,2022-07-20 19:26:05,6.5833,3.75,74.53,77,71,6.67
345,Bom Jesus Do Galho,BR,2022-07-20 19:30:11,-19.8289,-42.3161,79.39,43,74,3.53
346,Sola,VU,2022-07-20 19:30:12,-13.8833,167.55,80.71,79,56,19.48
347,San Roque,ES,2022-07-20 19:30:12,36.2107,-5.3842,74.23,83,20,6.91
348,Hamilton,US,2022-07-20 19:30:13,39.1834,-84.5333,94.24,64,75,16.11
349,Parana,AR,2022-07-20 19:30:13,-31.732,-60.5238,71.55,61,100,8.01
350,Nhulunbuy,AU,2022-07-20 19:30:13,-12.2333,136.7667,63.21,94,36,0.0
351,Oksfjord,NO,2022-07-20 19:30:14,70.2396,22.3479,64.47,74,88,6.11
352,Resistencia,AR,2022-07-20 19:30:14,-27.4606,-58.9839,85.08,59,0,12.66
353,Vysokogornyy,RU,2022-07-20 19:30:15,50.1167,139.15,57.7,98,100,3.13
354,Khash,IR,2022-07-20 19:30:15,28.2211,61.2158,80.6,35,45,1.86
355,Dawlatabad,AF,2022-07-20 19:30:16,36.4141,64.9053,88.03,13,0,7.23
356,Clyde River,CA,2022-07-20 19:30:16,70.4692,-68.5914,39.43,100,100,8.05
357,Nome,US,2022-07-20 19:30:17,64.5011,-165.4064,48.27,82,100,18.41
358,Makakilo City,US,2022-07-20 19:30:17,21.3469,-158.0858,79.12,61,40,16.11
359,Cine,TR,2022-07-20 19:30:17,37.6117,28.0614,75.74,41,0,4.7
360,Haimen,CN,2022-07-20 19:30:18,23.1935,116.6142,80.49,87,6,3.33
361,Mastic Beach,US,2022-07-20 19:30:18,40.7668,-72.8521,93.45,60,0,13.8
362,Mandan,US,2022-07-20 19:27:07,46.8267,-100.8896,93.36,37,0,13.8
363,Ribeira Grande,PT,2022-07-20 19:30:21,38.5167,-28.7,75.6,78,20,10.36
364,Rio Gallegos,AR,2022-07-20 19:30:05,-51.6226,-69.2181,37.45,56,0,32.21
365,Baneh,IR,2022-07-20 19:30:22,35.9975,45.8853,74.84,20,0,2.55
366,Ostersund,SE,2022-07-20 19:30:22,63.1792,14.6357,73.85,49,77,10.36
367,San Miguel,SV,2022-07-20 19:30:22,13.4833,-88.1833,94.44,41,65,1.5
368,Luganville,VU,2022-07-20 19:30:23,-15.5333,167.1667,78.75,86,55,8.01
369,Meulaboh,ID,2022-07-20 19:30:23,4.1363,96.1285,75.67,86,99,3.69
370,Tazovskiy,RU,2022-07-20 19:29:18,67.4667,78.7,48.99,73,100,13.02
371,Orlik,RU,2022-07-20 19:30:24,52.5178,99.825,44.6,85,97,1.5
372,Ayr,GB,2022-07-20 19:27:01,55.4627,-4.6339,62.49,72,40,16.11
373,Pecos,US,2022-07-20 19:30:24,31.4229,-103.4932,104.09,13,0,12.66
374,Praia Da Vitoria,PT,2022-07-20 19:30:25,38.7333,-27.0667,75.76,83,20,4.09
375,Nara,JP,2022-07-20 19:30:07,34.6851,135.8049,77.5,68,98,0.76
376,Skibbereen,IE,2022-07-20 19:30:25,51.55,-9.2667,60.12,70,31,10.87
377,Kahului,US,2022-07-20 19:30:25,20.8947,-156.47,79.97,61,20,14.97
378,Walvis Bay,NA,2022-07-20 19:29:26,-22.9575,14.5053,56.08,62,0,11.74
379,Bengkulu,ID,2022-07-20 19:30:26,-3.8004,102.2655,76.05,90,74,2.57
380,Lodi,US,2022-07-20 19:30:27,38.1302,-121.2725,95.38,38,0,8.61
381,Andenes,NO,2022-07-20 19:30:27,69.3143,16.1194,59.94,88,75,5.75
382,Atakpame,TG,2022-07-20 19:30:27,7.5333,1.1333,72.32,78,96,4.63
383,Placerville,US,2022-07-20 19:30:28,38.7296,-120.7986,101.05,16,0,5.75
384,Mount Isa,AU,2022-07-20 19:30:28,-20.7333,139.5,51.57,40,0,6.91
385,Shache,CN,2022-07-20 19:30:28,38.4167,77.2406,78.55,19,0,7.99
386,Canico,PT,2022-07-20 19:30:29,32.6333,-16.85,76.71,76,20,23.02
387,Syamzha,RU,2022-07-20 19:30:29,60.0158,41.0614,53.55,97,75,8.32
388,Sai Buri,TH,2022-07-20 19:26:13,6.7013,101.6168,76.8,86,98,6.8
389,Borborema,BR,2022-07-20 19:30:30,-21.6197,-49.0736,87.17,30,11,8.84
390,Alpine,US,2022-07-20 19:30:30,32.835,-116.7664,94.37,38,20,5.01
391,Namatanai,PG,2022-07-20 19:30:31,-3.6667,152.4333,77.85,81,92,6.89
392,Karasjok,NO,2022-07-20 19:30:31,69.4719,25.5112,56.75,82,88,5.99
393,Singkang,MY,2022-07-20 19:30:32,2.1006,102.7994,75.36,94,90,0.54
394,Lively,CA,2022-07-20 19:30:32,46.4334,-81.1498,74.32,88,100,13.2
395,Camacupa,AO,2022-07-20 19:30:32,-12.0167,17.4833,63.12,35,8,1.99
396,Flin Flon,CA,2022-07-20 19:30:33,54.7682,-101.865,62.44,77,75,8.05
397,Okhotsk,RU,2022-07-20 19:30:33,59.3833,143.3,58.87,94,100,3.38
398,Tiznit,MA,2022-07-20 19:30:33,29.5833,-9.5,91.33,23,66,3.42
399,Mkushi,ZM,2022-07-20 19:30:34,-13.6202,29.3939,62.92,54,72,7.2
400,Lompoc,US,2022-07-20 19:27:57,34.6391,-120.4579,93.02,66,0,11.5
401,Ous,RU,2022-07-20 19:30:34,60.9058,61.5186,58.8,95,100,7.85
402,Passo De Camaragibe,BR,2022-07-20 19:30:35,-9.2368,-35.4901,76.55,93,62,6.96
403,Talaya,RU,2022-07-20 19:30:35,61.3833,152.75,56.64,71,100,7.76
404,Kholmogory,RU,2022-07-20 19:30:35,64.2229,41.656,63.97,76,66,3.87
405,Tabuk,PH,2022-07-20 19:30:36,17.4189,121.4443,75.45,92,71,1.77
406,Ita,PY,2022-07-20 19:30:36,-25.4833,-57.35,85.1,42,18,6.31
407,Saint Anthony,US,2022-07-20 19:30:37,45.0205,-93.218,89.15,39,0,28.77
408,Mackay,AU,2022-07-20 19:30:37,-21.15,149.2,64.69,92,100,15.21
409,Klaksvik,FO,2022-07-20 19:30:39,62.2266,-6.589,50.92,91,98,18.54
410,Moree,AU,2022-07-20 19:30:40,-29.4667,149.85,48.85,71,100,8.41
411,Qena,EG,2022-07-20 19:30:40,26.1615,32.7183,92.21,19,0,12.66
412,Bafq,IR,2022-07-20 19:30:41,31.6128,55.4107,87.87,11,0,3.94
413,Yining,CN,2022-07-20 19:30:41,29.0361,114.5636,78.48,90,100,1.95
414,Odda,NO,2022-07-20 19:30:42,60.0691,6.5457,64.78,86,100,4.65
415,Letterkenny,IE,2022-07-20 19:28:09,54.95,-7.7333,58.93,68,100,7.54
416,Dekar,BW,2022-07-20 19:30:42,-21.5333,21.9333,55.11,40,0,5.99
417,Tallahassee,US,2022-07-20 19:30:43,30.4383,-84.2807,84.04,74,75,13.8
418,Ustye,RU,2022-07-20 19:30:43,59.6304,39.736,53.15,97,6,6.51
419,Bubaque,GW,2022-07-20 19:30:43,11.2833,-15.8333,76.44,92,100,17.31
420,Santa Rosalia,MX,2022-07-20 19:30:44,27.3167,-112.2833,91.56,39,7,4.56
421,Alihe,CN,2022-07-20 19:30:44,50.5667,123.7167,63.23,97,11,1.23
422,San Rafael,AR,2022-07-20 19:30:39,-34.6177,-68.3301,74.32,8,0,5.48
423,Ampanihy,MG,2022-07-20 19:30:45,-24.7,44.75,62.31,58,0,3.96
424,Nevyansk,RU,2022-07-20 19:30:45,57.4953,60.2112,53.13,94,25,5.68
425,Emba,KZ,2022-07-20 19:30:45,48.8264,58.1442,71.65,40,96,8.81
426,Nuevitas,CU,2022-07-20 19:30:46,21.5453,-77.2644,86.67,60,3,12.21
427,Qazvin,IR,2022-07-20 19:30:46,36.2797,50.0049,73.02,60,0,2.3
428,Tucupita,VE,2022-07-20 19:30:46,9.0622,-62.051,81.12,89,100,3.49
429,Paamiut,GL,2022-07-20 19:30:47,61.994,-49.6678,49.55,85,79,17.54
430,Lake Havasu City,US,2022-07-20 19:30:22,34.4839,-114.3224,107.22,21,0,10.36
431,Dovbysh,UA,2022-07-20 19:30:47,50.3733,27.9874,58.6,70,0,8.21
432,Imbituba,BR,2022-07-20 19:30:48,-28.24,-48.6703,72.86,82,0,11.99
433,Floro,NO,2022-07-20 19:30:32,61.5996,5.0328,67.23,100,75,8.05
434,Orange Walk,BZ,2022-07-20 19:30:48,17.8333,-88.8333,88.16,63,71,2.44
435,Morro Bay,US,2022-07-20 19:29:59,35.3658,-120.8499,102.38,51,23,8.99
436,Pangnirtung,CA,2022-07-20 19:30:49,66.1451,-65.7125,48.2,87,100,11.5
437,Portland,US,2022-07-20 19:30:21,45.5234,-122.6762,87.62,50,0,3.0
438,Katherine,AU,2022-07-20 19:29:23,-14.4667,132.2667,57.52,58,90,6.91
439,Phonhong,LA,2022-07-20 19:30:50,18.5007,102.4166,76.28,94,100,1.92
440,Nchelenge,ZM,2022-07-20 19:30:50,-9.3451,28.734,72.66,54,99,6.29
441,Scottsbluff,US,2022-07-20 19:26:05,41.8666,-103.6672,97.79,23,0,10.36
442,Lebu,CL,2022-07-20 19:30:51,-37.6167,-73.65,53.58,95,100,11.21
443,Port Blair,IN,2022-07-20 19:30:51,11.6667,92.75,78.84,94,100,3.44
444,Coolum Beach,AU,2022-07-20 19:30:52,-26.5333,153.1,63.1,84,100,16.8
445,Baturaja,ID,2022-07-20 19:30:52,-4.1333,104.1667,72.52,99,25,1.99
446,Maumere,ID,2022-07-20 19:30:52,-8.6199,122.2111,74.41,79,94,7.2
447,Berlevag,NO,2022-07-20 19:30:53,70.8578,29.0864,55.4,94,100,2.3
448,Whitley Bay,GB,2022-07-20 19:30:53,55.0397,-1.4471,65.8,80,75,3.44
449,Riyadh,SA,2022-07-20 19:29:32,24.6877,46.7219,98.74,9,98,10.85
450,Staryy Nadym,RU,2022-07-20 19:30:54,65.6118,72.6842,49.21,61,8,10.2
451,Manyana,BW,2022-07-20 19:30:54,-23.4,21.7167,55.26,41,50,6.6
452,Huamachuco,PE,2022-07-20 19:30:55,-7.8,-78.0667,63.12,35,13,7.02
453,Bilibino,RU,2022-07-20 19:30:55,68.0546,166.4372,44.58,71,96,3.04
454,Palmer,US,2022-07-20 19:26:40,42.1584,-72.3287,96.24,48,46,4.21
455,Teguise,ES,2022-07-20 19:30:56,29.0605,-13.564,75.42,69,0,19.57
456,Ottawa,CA,2022-07-20 19:29:08,45.4112,-75.6981,88.23,58,75,14.97
457,Horsham,GB,2022-07-20 19:30:58,51.064,-0.3272,74.86,69,20,9.22
458,Seinajoki,FI,2022-07-20 19:30:58,62.7945,22.8282,70.38,52,0,3.44
459,Igbo Ora,NG,2022-07-20 19:30:59,7.4333,3.2833,73.98,77,100,4.97
460,Rovaniemi,FI,2022-07-20 19:30:59,66.5,25.7167,65.61,68,0,5.75
461,Gunzenhausen,DE,2022-07-20 19:31:00,49.1,10.75,91.99,84,100,18.48
462,Acarau,BR,2022-07-20 19:31:00,-2.8856,-40.12,81.09,67,97,14.85
463,Toguchin,RU,2022-07-20 19:31:01,55.2353,84.3858,59.72,82,100,4.97
464,Pringsewu,ID,2022-07-20 19:31:01,-5.3582,104.9744,72.55,98,23,3.44
465,Puerto Padre,CU,2022-07-20 19:31:01,21.195,-76.6028,88.16,58,30,14.32
466,Namibe,AO,2022-07-20 19:31:02,-15.1961,12.1522,61.88,86,1,5.61
467,Noumea,NC,2022-07-20 19:31:02,-22.2763,166.4572,75.0,99,99,9.04
468,Nenjiang,CN,2022-07-20 19:31:03,49.1833,125.2167,65.07,91,1,3.13
469,Vadso,NO,2022-07-20 19:31:03,70.0744,29.7487,56.28,88,75,2.3
470,Bima,ID,2022-07-20 19:31:03,-8.4667,118.7167,70.5,91,10,4.79
471,Jumla,NP,2022-07-20 19:31:04,29.2747,82.1838,64.02,97,100,1.95
472,Mumbwa,ZM,2022-07-20 19:31:04,-14.9783,27.0619,65.66,53,73,8.14
473,Aykhal,RU,2022-07-20 19:31:05,66.0,111.5,52.59,62,100,4.63
474,Kurilsk,RU,2022-07-20 19:31:05,45.2333,147.8833,52.29,96,100,8.08
475,Harper,LR,2022-07-20 19:31:06,4.375,-7.7169,75.38,71,99,7.9
476,Port Keats,AU,2022-07-20 19:31:06,-14.25,129.55,67.32,51,100,6.06
477,Revda,RU,2022-07-20 19:31:07,56.801,59.9303,51.89,97,10,4.97
478,Biloela,AU,2022-07-20 19:31:07,-24.4167,150.5,58.44,80,100,18.97
479,Jabinyanah,TN,2022-07-20 19:31:07,35.035,10.9081,84.0,72,0,13.13
480,Manta,EC,2022-07-20 19:31:08,-0.95,-80.7333,82.18,65,20,11.5
481,Chicama,PE,2022-07-20 19:31:08,-7.8447,-79.1469,64.94,57,2,9.13
482,Gannan,CN,2022-07-20 19:31:09,47.9147,123.5031,68.74,83,0,2.86
483,Havre-Saint-Pierre,CA,2022-07-20 19:31:09,50.2334,-63.5986,75.56,57,100,16.11
484,Lingyuan,CN,2022-07-20 19:31:09,41.24,119.4011,65.17,94,99,2.98
485,Los Llanos De Aridane,ES,2022-07-20 19:31:10,28.6585,-17.9182,69.55,83,20,16.11
486,Takoradi,GH,2022-07-20 19:31:10,4.8845,-1.7554,74.03,71,61,8.16
487,Mount Gambier,AU,2022-07-20 19:27:25,-37.8333,140.7667,38.97,85,0,5.84
488,Yatou,CN,2022-07-20 19:31:11,37.15,122.3833,70.57,91,92,6.87
489,Westport,US,2022-07-20 19:28:10,41.1415,-73.3579,99.28,52,0,10.36
490,Honningsvag,NO,2022-07-20 19:31:12,70.9821,25.9704,51.55,100,100,2.3
491,Manokwari,ID,2022-07-20 19:31:12,-0.8667,134.0833,78.39,79,98,5.99
492,Vanavara,RU,2022-07-20 19:31:12,60.34,102.2797,54.03,91,75,5.17
493,Ust-Tsilma,RU,2022-07-20 19:31:13,65.441,52.1498,61.97,70,32,5.3
494,Sabang,ID,2022-07-20 19:30:50,5.8933,95.3214,82.74,76,100,24.0
495,Khasan,RU,2022-07-20 19:31:13,42.4308,130.6434,66.87,97,99,2.75
496,East Wenatchee Bench,US,2022-07-20 19:29:38,47.4257,-120.2812,92.59,26,0,1.99
497,Klyuchi,RU,2022-07-20 19:31:14,52.2667,79.1667,66.99,66,100,9.33
498,Port Hedland,AU,2022-07-20 19:31:14,-20.3167,118.5667,57.25,72,0,8.05
499,Lehigh Acres,US,2022-07-20 19:29:31,26.6254,-81.6248,97.95,52,20,5.75
500,Posse,BR,2022-07-20 19:31:15,-14.0931,-46.3694,82.99,27,5,8.46
501,Esna,EG,2022-07-20 19:31:15,25.2934,32.554,93.22,19,0,11.79
502,Santa Barbara,US,2022-07-20 19:31:16,34.7333,-120.0343,96.35,35,0,8.05
503,Chumikan,RU,2022-07-20 19:31:16,54.7183,135.315,51.75,100,100,4.38
504,Camapua,BR,2022-07-20 19:31:17,-19.5314,-54.0439,90.19,15,91,8.59
505,Plonsk,PL,2022-07-20 19:31:19,52.6235,20.3755,76.77,66,1,7.9
506,Robertsport,LR,2022-07-20 19:31:19,6.7533,-11.3686,76.3,82,100,15.23
507,Canarana,BR,2022-07-20 19:31:20,-11.6847,-41.7689,72.09,65,23,12.21
508,Aljezur,PT,2022-07-20 19:31:20,37.3191,-8.8033,68.38,80,0,10.87
509,Rawson,AR,2022-07-20 19:31:21,-43.3002,-65.1023,51.85,51,100,23.15
510,Steamboat Springs,US,2022-07-20 19:31:21,40.485,-106.8317,82.96,36,40,9.22
511,Grevesmuhlen,DE,2022-07-20 19:31:21,53.8667,11.1833,87.78,63,60,13.42
512,Jiazi,CN,2022-07-20 19:31:22,22.8779,116.067,81.82,86,6,1.34
513,Leshukonskoye,RU,2022-07-20 19:31:22,64.8989,45.7622,65.14,62,72,4.27
514,Maunatlala,BW,2022-07-20 19:31:22,-22.597,27.6301,60.37,73,80,5.14
515,Bungoma,KE,2022-07-20 19:28:39,0.5635,34.5606,62.08,91,73,5.53
516,Yakeshi,CN,2022-07-20 19:31:23,49.2833,120.7333,60.82,78,2,2.28
517,Salalah,OM,2022-07-20 19:31:23,17.0151,54.0924,77.09,100,100,3.44
518,Tabas,IR,2022-07-20 19:31:24,33.5959,56.9244,91.24,13,0,6.42
519,Natal,BR,2022-07-20 19:28:15,-5.795,-35.2094,84.42,70,40,14.97
520,Lethem,GY,2022-07-20 19:31:24,3.3803,-59.7968,85.14,68,98,2.73
521,Konstantinovka,RU,2022-07-20 19:31:25,49.6167,127.9833,63.43,93,3,3.31
522,Vostok,RU,2022-07-20 19:31:25,46.4856,135.8833,58.19,98,12,3.02
523,Canton,CN,2022-07-20 19:28:28,23.1167,113.25,84.15,70,53,8.12
524,Omsukchan,RU,2022-07-20 19:31:25,62.5333,155.8,50.59,40,97,7.87
525,Tura,IN,2022-07-20 19:31:26,25.5198,90.2201,74.73,97,100,5.48
526,Bolobo,CD,2022-07-20 19:31:26,-2.1667,16.2333,78.22,64,100,2.1
527,Hami,CN,2022-07-20 19:31:27,42.8,93.45,64.4,60,6,2.17
528,Tezu,IN,2022-07-20 19:31:27,27.9167,96.1667,76.05,98,100,2.17
529,Ixtapa,MX,2022-07-20 19:28:58,20.7,-105.2,90.23,62,100,5.01
530,Caravelas,BR,2022-07-20 19:31:27,-17.7125,-39.2481,73.4,73,3,6.67
531,Okakarara,NA,2022-07-20 19:31:28,-20.5833,17.4333,54.72,34,0,6.15
532,North Bend,US,2022-07-20 19:27:33,43.4065,-124.2243,67.91,88,100,10.36
533,Pilar,BR,2022-07-20 19:31:29,-9.5972,-35.9567,75.13,92,54,8.19
534,Vidim,RU,2022-07-20 19:31:29,56.4088,103.1106,51.62,91,84,3.11
535,Derendingen,CH,2022-07-20 19:31:29,47.1985,7.5884,70.65,93,20,6.91
536,Great Yarmouth,GB,2022-07-20 19:31:30,52.6083,1.7305,77.45,89,84,8.61
537,Helong,CN,2022-07-20 19:31:30,42.5397,128.9972,64.24,96,100,1.7
538,Alice Town,BS,2022-07-20 19:31:30,25.7167,-79.3,83.98,71,0,10.54
539,Hauterive,FR,2022-07-20 19:31:31,46.0901,3.4459,77.76,63,2,0.85
540,Porto Nacional,BR,2022-07-20 19:31:31,-10.7081,-48.4172,89.6,22,0,4.12
541,Pavilosta,LV,2022-07-20 19:31:31,56.8879,21.1859,60.71,78,4,4.36
542,Slave Lake,CA,2022-07-20 19:31:32,55.2834,-114.769,71.58,43,20,12.66
543,Bay Roberts,CA,2022-07-20 19:31:32,47.5999,-53.2648,72.34,82,71,8.01
544,Cabra,ES,2022-07-20 19:31:32,37.4725,-4.4421,97.66,16,0,7.4
545,Surt,LY,2022-07-20 19:31:33,31.2089,16.5887,80.26,67,0,11.03
546,Lufilufi,WS,2022-07-20 19:31:33,-13.8745,-171.5986,79.65,78,24,23.55
547,Puerto Escondido,MX,2022-07-20 19:31:34,15.85,-97.0667,88.63,62,75,5.75
548,Cascais,PT,2022-07-20 19:31:34,38.6979,-9.4215,78.66,58,20,18.41
549,Challapata,BO,2022-07-20 19:31:35,-18.9,-66.7667,55.35,28,96,7.11
550,Trairi,BR,2022-07-20 19:26:38,-3.2778,-39.2689,82.92,59,97,14.5
551,Rosendahl,DE,2022-07-20 19:31:35,51.7667,7.95,82.06,49,98,10.45
552,Magway,MM,2022-07-20 19:31:38,20.15,94.9167,81.18,77,99,3.67
553,Lazarev,RU,2022-07-20 19:31:38,52.225,141.5131,56.52,89,100,9.71
554,Itacurubi Del Rosario,PY,2022-07-20 19:31:38,-24.5,-56.6833,87.04,33,51,5.39
555,Hedaru,TZ,2022-07-20 19:31:39,-4.5,37.9,62.85,85,8,5.14
556,Puerto Baquerizo Moreno,EC,2022-07-20 19:31:39,-0.9,-89.6,72.59,83,75,6.91
557,Sobolevo,RU,2022-07-20 19:31:40,54.4299,31.8996,60.37,61,95,12.82
558,Port Moresby,PG,2022-07-20 19:31:40,-9.4431,147.1797,76.42,94,40,3.44
559,Veraval,IN,2022-07-20 19:31:41,20.9,70.3667,80.35,86,75,17.45
560,Japura,ID,2022-07-20 19:31:41,-0.3167,102.35,73.71,99,100,2.42
561,Male,MV,2022-07-20 19:27:56,4.1748,73.5089,82.35,83,75,14.97
562,Synya,RU,2022-07-20 19:31:41,65.3718,58.0387,59.29,69,19,4.32
563,Urubicha,BO,2022-07-20 19:31:42,-15.3833,-62.95,91.24,24,7,4.07
564,Antofagasta,CL,2022-07-20 19:31:42,-23.65,-70.4,60.08,73,100,5.93
565,Villazon,BO,2022-07-20 19:31:43,-22.0866,-65.5942,66.07,13,100,14.97
566,Linkoping,SE,2022-07-20 19:31:43,58.4109,15.6216,84.58,45,14,3.44
567,Polis,CY,2022-07-20 19:31:43,35.0367,32.4264,82.22,68,0,3.98
568,Atbasar,KZ,2022-07-20 19:31:44,51.8,68.3333,67.71,70,99,8.37
569,Plouzane,FR,2022-07-20 19:31:44,48.3833,-4.6167,64.45,80,100,8.05
570,Springdale,US,2022-07-20 19:31:44,36.1867,-94.1288,102.74,42,0,10.36
571,Sosua,DO,2022-07-20 19:31:45,19.7667,-70.5167,94.98,66,20,23.02
572,Sitangkai,PH,2022-07-20 19:31:45,4.6628,119.3928,83.21,73,13,4.41
573,Aranos,NA,2022-07-20 19:31:45,-24.1333,19.1167,55.62,34,0,9.15
